Food Group 	1,000 	1,200 	1,400 	1,600 	1,800 	2,000
Vegetables 	1 c-eq 	1½ c-eq 	1½ c-eq 	2 c-eq 	2½ c-eq 	2½ c-eq
Dark-green vegetables (c-eq/wk) 	½ 	1 	1 	1½ 	1½ 	1½
Red and orange vegetables (c-eq/wk) 	2½ 	3 	3 	4 	5½ 	5½
Legumes (beans and peas) (c-eq/wk) 	½ 	½ 	½ 	1 	1½ 	1½
Starchy vegetables (c-eq/wk) 	2 	3½ 	3½ 	4 	5 	5
Other vegetables (c-eq/wk) 	1½ 	2½ 	2½ 	3½ 	4 	4
Fruits 	1 c-eq 	1 c-eq 	1½ c-eq 	2 c-eq 	2 c-eq 	2½ c-eq
Grains 	3 oz-eq 	4 oz-eq 	5 oz-eq 	5 oz-eq 	6 oz-eq 	6 oz-eq
Whole grainsd (oz-eq/day) 	1½ 	2 	2½ 	3 	3 	3
Refined grains (oz-eq/day) 	1½ 	2 	2½ 	2 	3 	3
Dairye 	2 c-eq 	2½ c-eq 	2½ c-eq 	2 c-eq 	2 c-eq 	2 c-eq
Protein Foods 	2 oz-eq 	3 oz-eq 	4 oz-eq 	5½ oz-eq 	6 oz-eq 	6½ oz-eq
Seafood (oz-eq/wk)f 	3 	4 	6 	11 	15 	15
Meats, poultry, eggs (oz-eq/wk) 	10 	14 	19 	23 	23 	26
Nuts, seeds, soy products (oz-eq/wk) 	2 	2 	3 	4 	4 	5
Oils 	15 g 	17 g 	17 g 	22 g 	24 g 	27 g
Limit on Calories for Other Uses, calories (% of calories)g,h

150

(15%)


100

(8%)


110

(8%)


140

(9%)


160

(9%)


260

(13%)